lift_from_node	lift_from_prop	lift_from_cdeID	lift_from_model	lift_from_version	lift_to_node	lift_to_prop	lift_to_cdeID	lift_to_model	lift_to_version	mapping_type
program	program_name	11444542	CDS	v7.0.0	program	program_name	11444542	CDS	v8.0.0	CDE
program	program_short_name	11459801	CDS	v7.0.0	program	program_short_name	11459801	CDS	v8.0.0	CDE
study	study_name	11459810	CDS	v7.0.0	study	study_name	11459810	CDS	v8.0.0	CDE
study	study_acronym	11459812	CDS	v7.0.0	study	study_acronym	11459812	CDS	v8.0.0	CDE
study	phs_accession	11524544	CDS	v7.0.0	study	phs_accession	11524544	CDS	v8.0.0	CDE
study	funding_agency	11524545	CDS	v7.0.0	study	funding_agency	11524545	CDS	v8.0.0	CDE
study	funding_source_program_name	11524546	CDS	v7.0.0	study	funding_source_program_name	11524546	CDS	v8.0.0	CDE
study	grant_id	3434057	CDS	v7.0.0	study	grant_id	3434057	CDS	v8.0.0	CDE
study	organism_species	6118266	CDS	v7.0.0	study	organism_species	6118266	CDS	v8.0.0	CDE
study	adult_or_childhood_study	11524549	CDS	v7.0.0	study	adult_or_childhood_study	11524549	CDS	v8.0.0	CDE
study	number_of_participants	11555662	CDS	v7.0.0	study	number_of_participants	11555662	CDS	v8.0.0	CDE
study	number_of_samples	11555663	CDS	v7.0.0	study	number_of_samples	11555663	CDS	v8.0.0	CDE
study	study_data_types	14824731	CDS	v7.0.0	study	study_data_types	14824731	CDS	v8.0.0	CDE
study	acl	11555664	CDS	v7.0.0	study	acl	11555664	CDS	v8.0.0	CDE
study	role_or_affiliation	2201713	CDS	v7.0.0	study	role_or_affiliation	2201713	CDS	v8.0.0	CDE
study	title	2663165	CDS	v7.0.0	study	title	2663165	CDS	v8.0.0	CDE
study	first_name	2179589	CDS	v7.0.0	study	first_name	2179589	CDS	v8.0.0	CDE
study	middle_name	2179590	CDS	v7.0.0	study	middle_name	2179590	CDS	v8.0.0	CDE
study	last_name	2179591	CDS	v7.0.0	study	last_name	2179591	CDS	v8.0.0	CDE
study	suffix	2006475	CDS	v7.0.0	study	suffix	2006475	CDS	v8.0.0	CDE
study	email	2517550	CDS	v7.0.0	study	email	2517550	CDS	v8.0.0	CDE
participant	participant_id	12220014	CDS	v7.0.0	participant	participant_id	12220014	CDS	v8.0.0	CDE
participant	race	2192199	CDS	v7.0.0	participant	race	2192199	CDS	v8.0.0	CDE
participant	sex	7572817	CDS	v7.0.0	participant	sex	7572817	CDS	v8.0.0	CDE
participant	ethnicity	2192217	CDS	v7.0.0	participant	ethnicity	2192217	CDS	v8.0.0	CDE
participant	dbGaP_subject_id	14940691	CDS	v7.0.0	participant	dbGaP_subject_id	14940691	CDS	v8.0.0	CDE
diagnosis	disease_type	13471160	CDS	v7.0.0	diagnosis	disease_type	13471160	CDS	v8.0.0	CDE
diagnosis	vital_status	2847330	CDS	v7.0.0	diagnosis	vital_status	2847330	CDS	v8.0.0	CDE
diagnosis	primary_diagnosis	14905532	CDS	v7.0.0	diagnosis	primary_diagnosis	14905532	CDS	v8.0.0	CDE
diagnosis	primary_site	14883047	CDS	v7.0.0	diagnosis	primary_site	14883047	CDS	v8.0.0	CDE
diagnosis	age_at_diagnosis	10609539	CDS	v7.0.0	diagnosis	age_at_diagnosis	10609539	CDS	v8.0.0	CDE
diagnosis	tumor_grade	11325685	CDS	v7.0.0	diagnosis	tumor_grade	11325685	CDS	v8.0.0	CDE
diagnosis	tumor_stage_clinical_m	3440331	CDS	v7.0.0	diagnosis	tumor_stage_clinical_m	3440331	CDS	v8.0.0	CDE
diagnosis	tumor_stage_clinical_n	3440330	CDS	v7.0.0	diagnosis	tumor_stage_clinical_n	3440330	CDS	v8.0.0	CDE
diagnosis	tumor_stage_clinical_t	3440328	CDS	v7.0.0	diagnosis	tumor_stage_clinical_t	3440328	CDS	v8.0.0	CDE
diagnosis	morphology	14714127	CDS	v7.0.0	diagnosis	morphology	14714127	CDS	v8.0.0	CDE
diagnosis	progression_or_recurrence	13529783	CDS	v7.0.0	diagnosis	progression_or_recurrence	13529783	CDS	v8.0.0	CDE
diagnosis	days_to_recurrence	12432576	CDS	v7.0.0	diagnosis	days_to_recurrence	12432576	CDS	v8.0.0	CDE
diagnosis	days_to_last_followup	12426616	CDS	v7.0.0	diagnosis	days_to_last_followup	12426616	CDS	v8.0.0	CDE
diagnosis	last_known_disease_status	12447172	CDS	v7.0.0	diagnosis	last_known_disease_status	12447172	CDS	v8.0.0	CDE
diagnosis	tissue_or_organ_of_origin	14883058	CDS	v7.0.0	diagnosis	tissue_or_organ_of_origin	14883058	CDS	v8.0.0	CDE
diagnosis	site_of_resection_or_biopsy	14883054	CDS	v7.0.0	diagnosis	site_of_resection_or_biopsy	14883054	CDS	v8.0.0	CDE
diagnosis	days_to_last_known_disease_status	12447170	CDS	v7.0.0	diagnosis	days_to_last_known_disease_status	12447170	CDS	v8.0.0	CDE
treatment	treatment_type	14737565	CDS	v7.0.0	treatment	treatment_type	14737565	CDS	v8.0.0	CDE
treatment	days_to_treatment	12305542	CDS	v7.0.0	treatment	days_to_treatment	12305542	CDS	v8.0.0	CDE
treatment	therapeutic_agents	14913015	CDS	v7.0.0	treatment	therapeutic_agents	14913015	CDS	v8.0.0	CDE
treatment	response	13383448	CDS	v7.0.0	treatment	response	13383448	CDS	v8.0.0	CDE
sample	sample_id	6921892	CDS	v7.0.0	sample	sample_id	6921892	CDS	v8.0.0	CDE
sample	sample_type	11253427	CDS	v7.0.0	sample	sample_type	11253427	CDS	v8.0.0	CDE
sample	sample_description	2003907	CDS	v7.0.0	sample	sample_description	2003907	CDS	v8.0.0	CDE
sample	sample_type_category	12445832	CDS	v7.0.0	sample	sample_type_category	12445832	CDS	v8.0.0	CDE
sample	sample_tumor_status	14688604	CDS	v7.0.0	sample	sample_tumor_status	14688604	CDS	v8.0.0	CDE
sample	sample_anatomic_site	12083894	CDS	v7.0.0	sample	sample_anatomic_site	12083894	CDS	v8.0.0	CDE
sample	sample_age_at_collection	14473376	CDS	v7.0.0	sample	sample_age_at_collection	14473376	CDS	v8.0.0	CDE
sample	derived_from_specimen	5581201	CDS	v7.0.0	sample	derived_from_specimen	5581201	CDS	v8.0.0	CDE
sample	biosample_accession	2230047	CDS	v7.0.0	sample	biosample_accession	2230047	CDS	v8.0.0	CDE
file	file_name	11284037	CDS	v7.0.0	file	file_name	11284037	CDS	v8.0.0	CDE
file	file_type	11416926	CDS	v7.0.0	file	file_type	11416926	CDS	v8.0.0	CDE
file	file_description	11280338	CDS	v7.0.0	file	file_description	11280338	CDS	v8.0.0	CDE
file	file_size	11479876	CDS	v7.0.0	file	file_size	11479876	CDS	v8.0.0	CDE
file	md5sum	11556150	CDS	v7.0.0	file	md5sum	11556150	CDS	v8.0.0	CDE
file	file_url_in_cds	11556141	CDS	v7.0.0	f	f	11556141	CDS	v8.0.0	CDE
file	file_url_in_cds	11556141	CDS	v7.0.0	M	c	11556141	CDS	v8.0.0	CDE
MultiplexMicroscopy	channel_metadata_file_url_in_cds	11556141	CDS	v7.0.0	f	f	11556141	CDS	v8.0.0	CDE
MultiplexMicroscopy	channel_metadata_file_url_in_cds	11556141	CDS	v7.0.0	M	c	11556141	CDS	v8.0.0	CDE
file	experimental_strategy_and_data_subtypes	12373576	CDS	v7.0.0	file	experimental_strategy_and_data_subtypes	12373576	CDS	v8.0.0	CDE
file	file_mapping_level	11595478	CDS	v7.0.0	file	file_mapping_level	11595478	CDS	v8.0.0	CDE
genomic_info	library_id	11555660	CDS	v7.0.0	genomic_info	library_id	11555660	CDS	v8.0.0	CDE
genomic_info	bases	12373573	CDS	v7.0.0	genomic_info	bases	12373573	CDS	v8.0.0	CDE
genomic_info	number_of_reads	11529035	CDS	v7.0.0	genomic_info	number_of_reads	11529035	CDS	v8.0.0	CDE
genomic_info	avg_read_length	12426615	CDS	v7.0.0	genomic_info	avg_read_length	12426615	CDS	v8.0.0	CDE
genomic_info	coverage	11556322	CDS	v7.0.0	genomic_info	coverage	11556322	CDS	v8.0.0	CDE
genomic_info	reference_genome_assembly	11529031	CDS	v7.0.0	genomic_info	reference_genome_assembly	11529031	CDS	v8.0.0	CDE
genomic_info	custom_assembly_fasta_file_for_alignment	11636299	CDS	v7.0.0	genomic_info	custom_assembly_fasta_file_for_alignment	11636299	CDS	v8.0.0	CDE
genomic_info	design_description	11529028	CDS	v7.0.0	g	d	11529028	CDS	v8.0.0	CDE
genomic_info	design_description	11529028	CDS	v7.0.0	g	i	11529028	CDS	v8.0.0	CDE
genomic_info	instrument_model	11529028	CDS	v7.0.0	g	d	11529028	CDS	v8.0.0	CDE
genomic_info	instrument_model	11529028	CDS	v7.0.0	g	i	11529028	CDS	v8.0.0	CDE
genomic_info	library_strategy	6273393	CDS	v7.0.0	genomic_info	library_strategy	6273393	CDS	v8.0.0	CDE
genomic_info	library_layout	11527735	CDS	v7.0.0	genomic_info	library_layout	11527735	CDS	v8.0.0	CDE
genomic_info	library_selection	6347743	CDS	v7.0.0	genomic_info	library_selection	6347743	CDS	v8.0.0	CDE
genomic_info	platform	6347771	CDS	v7.0.0	genomic_info	platform	6347771	CDS	v8.0.0	CDE
genomic_info	sequence_alignment_software	11529072	CDS	v7.0.0	genomic_info	sequence_alignment_software	11529072	CDS	v8.0.0	CDE
genomic_info	library_source_material	15235975	CDS	v7.0.0	genomic_info	library_source_material	15235975	CDS	v8.0.0	CDE
genomic_info	library_source_molecule	15235981	CDS	v7.0.0	genomic_info	library_source_molecule	15235981	CDS	v8.0.0	CDE
image	de_identification_method_type	14607284	CDS	v7.0.0	image	de_identification_method_type	14607284	CDS	v8.0.0	CDE
image	de_identification_method_description	14612655	CDS	v7.0.0	image	de_identification_method_description	14612655	CDS	v8.0.0	CDE
image	de_identification_software	14612658	CDS	v7.0.0	image	de_identification_software	14612658	CDS	v8.0.0	CDE
image	license	14902606	CDS	v7.0.0	image	license	14902606	CDS	v8.0.0	CDE
image	citation_or_DOI	7787673	CDS	v7.0.0	i	c	7787673	CDS	v8.0.0	CDE
image	citation_or_DOI	7787673	CDS	v7.0.0	i	i	7787673	CDS	v8.0.0	CDE
image	imaging_protocol	7787673	CDS	v7.0.0	i	c	7787673	CDS	v8.0.0	CDE
image	imaging_protocol	7787673	CDS	v7.0.0	i	i	7787673	CDS	v8.0.0	CDE
image	species	10543100	CDS	v7.0.0	image	species	10543100	CDS	v8.0.0	CDE
image	image_modality	12137353	CDS	v7.0.0	i	i	12137353	CDS	v8.0.0	CDE
image	image_modality	12137353	CDS	v7.0.0	N	p	12137353	CDS	v8.0.0	CDE
NonDICOMradiologyAllModalities	performed_imaging_study_nonAcquisitionModalitiesInStudyCode	12137353	CDS	v7.0.0	i	i	12137353	CDS	v8.0.0	CDE
NonDICOMradiologyAllModalities	performed_imaging_study_nonAcquisitionModalitiesInStudyCode	12137353	CDS	v7.0.0	N	p	12137353	CDS	v8.0.0	CDE
image	imaging_equipment_manufacturer	2866141	CDS	v7.0.0	i	i	2866141	CDS	v8.0.0	CDE
image	imaging_equipment_manufacturer	2866141	CDS	v7.0.0	p	i	2866141	CDS	v8.0.0	CDE
proteomic	instrument_make	2866141	CDS	v7.0.0	i	i	2866141	CDS	v8.0.0	CDE
proteomic	instrument_make	2866141	CDS	v7.0.0	p	i	2866141	CDS	v8.0.0	CDE
image	imaging_equipment_model	2413274	CDS	v7.0.0	i	i	2413274	CDS	v8.0.0	CDE
image	imaging_equipment_model	2413274	CDS	v7.0.0	p	p	2413274	CDS	v8.0.0	CDE
image	imaging_equipment_model	2413274	CDS	v7.0.0	p	m	2413274	CDS	v8.0.0	CDE
proteomic	proteomic_instrument_model	2413274	CDS	v7.0.0	i	i	2413274	CDS	v8.0.0	CDE
proteomic	proteomic_instrument_model	2413274	CDS	v7.0.0	p	p	2413274	CDS	v8.0.0	CDE
proteomic	proteomic_instrument_model	2413274	CDS	v7.0.0	p	m	2413274	CDS	v8.0.0	CDE
proteomic	manufacturer_model_name	2413274	CDS	v7.0.0	i	i	2413274	CDS	v8.0.0	CDE
proteomic	manufacturer_model_name	2413274	CDS	v7.0.0	p	p	2413274	CDS	v8.0.0	CDE
proteomic	manufacturer_model_name	2413274	CDS	v7.0.0	p	m	2413274	CDS	v8.0.0	CDE
image	imaging_software	2413278	CDS	v7.0.0	image	imaging_software	2413278	CDS	v8.0.0	CDE
image	organ_or_tissue	6161035	CDS	v7.0.0	image	organ_or_tissue	6161035	CDS	v8.0.0	CDE
image	performed_imaging_study_typeCode	14617551	CDS	v7.0.0	image	performed_imaging_study_typeCode	14617551	CDS	v8.0.0	CDE
image	longitudinal_temporal_event_type	14670294	CDS	v7.0.0	image	longitudinal_temporal_event_type	14670294	CDS	v8.0.0	CDE
image	longitudinal_temporal_event_offset	14612661	CDS	v7.0.0	image	longitudinal_temporal_event_offset	14612661	CDS	v8.0.0	CDE
MultiplexMicroscopy	acquisition_method_type	6626651	CDS	v7.0.0	M	a	6626651	CDS	v8.0.0	CDE
MultiplexMicroscopy	acquisition_method_type	6626651	CDS	v7.0.0	N	a	6626651	CDS	v8.0.0	CDE
NonDICOMpathologyImages	acquisition_method_type	6626651	CDS	v7.0.0	M	a	6626651	CDS	v8.0.0	CDE
NonDICOMpathologyImages	acquisition_method_type	6626651	CDS	v7.0.0	N	a	6626651	CDS	v8.0.0	CDE
MultiplexMicroscopy	tumor_tissue_type	3288124	CDS	v7.0.0	M	t	3288124	CDS	v8.0.0	CDE
MultiplexMicroscopy	tumor_tissue_type	3288124	CDS	v7.0.0	N	t	3288124	CDS	v8.0.0	CDE
NonDICOMpathologyImages	tumor_tissue_type	3288124	CDS	v7.0.0	M	t	3288124	CDS	v8.0.0	CDE
NonDICOMpathologyImages	tumor_tissue_type	3288124	CDS	v7.0.0	N	t	3288124	CDS	v8.0.0	CDE
MultiplexMicroscopy	tissue_fixative	65078	CDS	v7.0.0	M	t	65078	CDS	v8.0.0	CDE
MultiplexMicroscopy	tissue_fixative	65078	CDS	v7.0.0	N	t	65078	CDS	v8.0.0	CDE
NonDICOMpathologyImages	tissue_fixative	65078	CDS	v7.0.0	M	t	65078	CDS	v8.0.0	CDE
NonDICOMpathologyImages	tissue_fixative	65078	CDS	v7.0.0	N	t	65078	CDS	v8.0.0	CDE
MultiplexMicroscopy	embedding_medium	8037927	CDS	v7.0.0	M	e	8037927	CDS	v8.0.0	CDE
MultiplexMicroscopy	embedding_medium	8037927	CDS	v7.0.0	N	e	8037927	CDS	v8.0.0	CDE
NonDICOMpathologyImages	embedding_medium	8037927	CDS	v7.0.0	M	e	8037927	CDS	v8.0.0	CDE
NonDICOMpathologyImages	embedding_medium	8037927	CDS	v7.0.0	N	e	8037927	CDS	v8.0.0	CDE
MultiplexMicroscopy	staining_method	7789196	CDS	v7.0.0	M	s	7789196	CDS	v8.0.0	CDE
MultiplexMicroscopy	staining_method	7789196	CDS	v7.0.0	N	s	7789196	CDS	v8.0.0	CDE
MultiplexMicroscopy	staining_method	7789196	CDS	v7.0.0	M	i	7789196	CDS	v8.0.0	CDE
NonDICOMpathologyImages	staining_method	7789196	CDS	v7.0.0	M	s	7789196	CDS	v8.0.0	CDE
NonDICOMpathologyImages	staining_method	7789196	CDS	v7.0.0	N	s	7789196	CDS	v8.0.0	CDE
NonDICOMpathologyImages	staining_method	7789196	CDS	v7.0.0	M	i	7789196	CDS	v8.0.0	CDE
MultiplexMicroscopy	imaging_assay_type	7789196	CDS	v7.0.0	M	s	7789196	CDS	v8.0.0	CDE
MultiplexMicroscopy	imaging_assay_type	7789196	CDS	v7.0.0	N	s	7789196	CDS	v8.0.0	CDE
MultiplexMicroscopy	imaging_assay_type	7789196	CDS	v7.0.0	M	i	7789196	CDS	v8.0.0	CDE
MultiplexMicroscopy	objective	7788935	CDS	v7.0.0	M	o	7788935	CDS	v8.0.0	CDE
MultiplexMicroscopy	objective	7788935	CDS	v7.0.0	N	o	7788935	CDS	v8.0.0	CDE
NonDICOMpathologyImages	objective	7788935	CDS	v7.0.0	M	o	7788935	CDS	v8.0.0	CDE
NonDICOMpathologyImages	objective	7788935	CDS	v7.0.0	N	o	7788935	CDS	v8.0.0	CDE
MultiplexMicroscopy	nominal_magnification	7788940	CDS	v7.0.0	M	n	7788940	CDS	v8.0.0	CDE
MultiplexMicroscopy	nominal_magnification	7788940	CDS	v7.0.0	N	n	7788940	CDS	v8.0.0	CDE
NonDICOMpathologyImages	nominal_magnification	7788940	CDS	v7.0.0	M	n	7788940	CDS	v8.0.0	CDE
NonDICOMpathologyImages	nominal_magnification	7788940	CDS	v7.0.0	N	n	7788940	CDS	v8.0.0	CDE
MultiplexMicroscopy	immersion	8058286	CDS	v7.0.0	M	i	8058286	CDS	v8.0.0	CDE
MultiplexMicroscopy	immersion	8058286	CDS	v7.0.0	N	i	8058286	CDS	v8.0.0	CDE
NonDICOMpathologyImages	immersion	8058286	CDS	v7.0.0	M	i	8058286	CDS	v8.0.0	CDE
NonDICOMpathologyImages	immersion	8058286	CDS	v7.0.0	N	i	8058286	CDS	v8.0.0	CDE
MultiplexMicroscopy	lens_numerical_aperture	7788942	CDS	v7.0.0	M	l	7788942	CDS	v8.0.0	CDE
MultiplexMicroscopy	lens_numerical_aperture	7788942	CDS	v7.0.0	N	l	7788942	CDS	v8.0.0	CDE
NonDICOMpathologyImages	lens_numerical_aperture	7788942	CDS	v7.0.0	M	l	7788942	CDS	v8.0.0	CDE
NonDICOMpathologyImages	lens_numerical_aperture	7788942	CDS	v7.0.0	N	l	7788942	CDS	v8.0.0	CDE
MultiplexMicroscopy	working_distance	7788943	CDS	v7.0.0	MultiplexMicroscopy	working_distance	7788943	CDS	v8.0.0	CDE
MultiplexMicroscopy	pyramid	7788945	CDS	v7.0.0	M	p	7788945	CDS	v8.0.0	CDE
MultiplexMicroscopy	pyramid	7788945	CDS	v7.0.0	M	p	7788945	CDS	v8.0.0	CDE
MultiplexMicroscopy	physical_size_x	7788945	CDS	v7.0.0	M	p	7788945	CDS	v8.0.0	CDE
MultiplexMicroscopy	physical_size_x	7788945	CDS	v7.0.0	M	p	7788945	CDS	v8.0.0	CDE
MultiplexMicroscopy	physical_size_y	7786585	CDS	v7.0.0	MultiplexMicroscopy	physical_size_y	7786585	CDS	v8.0.0	CDE
MultiplexMicroscopy	physical_size_z	7786586	CDS	v7.0.0	MultiplexMicroscopy	physical_size_z	7786586	CDS	v8.0.0	CDE
MultiplexMicroscopy	size_c	7794859	CDS	v7.0.0	MultiplexMicroscopy	size_c	7794859	CDS	v8.0.0	CDE
MultiplexMicroscopy	size_t	7794860	CDS	v7.0.0	MultiplexMicroscopy	size_t	7794860	CDS	v8.0.0	CDE
MultiplexMicroscopy	size_x	7788567	CDS	v7.0.0	MultiplexMicroscopy	size_x	7788567	CDS	v8.0.0	CDE
MultiplexMicroscopy	size_y	7788568	CDS	v7.0.0	MultiplexMicroscopy	size_y	7788568	CDS	v8.0.0	CDE
MultiplexMicroscopy	size_z	7788569	CDS	v7.0.0	MultiplexMicroscopy	size_z	7788569	CDS	v8.0.0	CDE
MultiplexMicroscopy	channel_metadata_filename	7787678	CDS	v7.0.0	MultiplexMicroscopy	channel_metadata_filename	7787678	CDS	v8.0.0	CDE
MultiplexMicroscopy	channel_id	14765171	CDS	v7.0.0	MultiplexMicroscopy	channel_id	14765171	CDS	v8.0.0	CDE
MultiplexMicroscopy	channel_name	14765172	CDS	v7.0.0	MultiplexMicroscopy	channel_name	14765172	CDS	v8.0.0	CDE
MultiplexMicroscopy	cycle_number	14765176	CDS	v7.0.0	MultiplexMicroscopy	cycle_number	14765176	CDS	v8.0.0	CDE
MultiplexMicroscopy	sub_cycle_number	14765180	CDS	v7.0.0	M	s	14765180	CDS	v8.0.0	CDE
MultiplexMicroscopy	sub_cycle_number	14765180	CDS	v7.0.0	M	t	14765180	CDS	v8.0.0	CDE
MultiplexMicroscopy	target_name	14765180	CDS	v7.0.0	M	s	14765180	CDS	v8.0.0	CDE
MultiplexMicroscopy	target_name	14765180	CDS	v7.0.0	M	t	14765180	CDS	v8.0.0	CDE
MultiplexMicroscopy	antibody_name	14765184	CDS	v7.0.0	MultiplexMicroscopy	antibody_name	14765184	CDS	v8.0.0	CDE
MultiplexMicroscopy	rrid_identifier	14767247	CDS	v7.0.0	MultiplexMicroscopy	rrid_identifier	14767247	CDS	v8.0.0	CDE
MultiplexMicroscopy	fluorophore	14767255	CDS	v7.0.0	MultiplexMicroscopy	fluorophore	14767255	CDS	v8.0.0	CDE
MultiplexMicroscopy	clone	14767258	CDS	v7.0.0	MultiplexMicroscopy	clone	14767258	CDS	v8.0.0	CDE
MultiplexMicroscopy	lot	14769695	CDS	v7.0.0	MultiplexMicroscopy	lot	14769695	CDS	v8.0.0	CDE
MultiplexMicroscopy	catalog_number	14767261	CDS	v7.0.0	MultiplexMicroscopy	catalog_number	14767261	CDS	v8.0.0	CDE
MultiplexMicroscopy	excitation_wavelength	14765187	CDS	v7.0.0	MultiplexMicroscopy	excitation_wavelength	14765187	CDS	v8.0.0	CDE
MultiplexMicroscopy	emission_wavelength	14767264	CDS	v7.0.0	MultiplexMicroscopy	emission_wavelength	14767264	CDS	v8.0.0	CDE
MultiplexMicroscopy	excitation_bandwidth	14765190	CDS	v7.0.0	MultiplexMicroscopy	excitation_bandwidth	14765190	CDS	v8.0.0	CDE
MultiplexMicroscopy	emission_bandwidth	14765193	CDS	v7.0.0	MultiplexMicroscopy	emission_bandwidth	14765193	CDS	v8.0.0	CDE
MultiplexMicroscopy	metal_isotope_element_abbreviation	14765198	CDS	v7.0.0	MultiplexMicroscopy	metal_isotope_element_abbreviation	14765198	CDS	v8.0.0	CDE
MultiplexMicroscopy	metal_isotope_element_mass	14765201	CDS	v7.0.0	MultiplexMicroscopy	metal_isotope_element_mass	14765201	CDS	v8.0.0	CDE
MultiplexMicroscopy	oligo_barcode_upper_strand	14765205	CDS	v7.0.0	MultiplexMicroscopy	oligo_barcode_upper_strand	14765205	CDS	v8.0.0	CDE
MultiplexMicroscopy	oligo_barcode_lower_strand	14765208	CDS	v7.0.0	MultiplexMicroscopy	oligo_barcode_lower_strand	14765208	CDS	v8.0.0	CDE
MultiplexMicroscopy	dilution	14767270	CDS	v7.0.0	MultiplexMicroscopy	dilution	14767270	CDS	v8.0.0	CDE
MultiplexMicroscopy	concentration	14768386	CDS	v7.0.0	MultiplexMicroscopy	concentration	14768386	CDS	v8.0.0	CDE
NonDICOMCTimages	CTAquisitionProtocolElement_singleCollimationWidth	2903347	CDS	v7.0.0	NonDICOMCTimages	CTAquisitionProtocolElement_singleCollimationWidth	2903347	CDS	v8.0.0	CDE
NonDICOMCTimages	CTAquisitionProtocolElement_totalCollimationWidth	2903328	CDS	v7.0.0	NonDICOMCTimages	CTAquisitionProtocolElement_totalCollimationWidth	2903328	CDS	v8.0.0	CDE
NonDICOMCTimages	CTAquisitionProtocolElement_gantryDetectorTilt	2656117	CDS	v7.0.0	N	C	2656117	CDS	v8.0.0	CDE
NonDICOMCTimages	CTAquisitionProtocolElement_gantryDetectorTilt	2656117	CDS	v7.0.0	N	P	2656117	CDS	v8.0.0	CDE
NonDICOMPETimages	PETImagingAcquisitionProtocolElement_gantryDetectorTilt	2656117	CDS	v7.0.0	N	C	2656117	CDS	v8.0.0	CDE
NonDICOMPETimages	PETImagingAcquisitionProtocolElement_gantryDetectorTilt	2656117	CDS	v7.0.0	N	P	2656117	CDS	v8.0.0	CDE
NonDICOMCTimages	CTAquisitionProtocolElement_spiralPitchFactor	2414556	CDS	v7.0.0	NonDICOMCTimages	CTAquisitionProtocolElement_spiralPitchFactor	2414556	CDS	v8.0.0	CDE
NonDICOMCTimages	CTAquisitionProtocolElement_ctdiVol	3882991	CDS	v7.0.0	NonDICOMCTimages	CTAquisitionProtocolElement_ctdiVol	3882991	CDS	v8.0.0	CDE
NonDICOMCTimages	CTAquisitionProtocolElement_ctdiPhantomTypeCode	14612683	CDS	v7.0.0	NonDICOMCTimages	CTAquisitionProtocolElement_ctdiPhantomTypeCode	14612683	CDS	v8.0.0	CDE
NonDICOMCTimages	CTAquisitionProtocolElement_kVp	2904496	CDS	v7.0.0	NonDICOMCTimages	CTAquisitionProtocolElement_kVp	2904496	CDS	v8.0.0	CDE
NonDICOMCTimages	CTAquisitionProtocolElement_exposureModulationType_Code	14617524	CDS	v7.0.0	NonDICOMCTimages	CTAquisitionProtocolElement_exposureModulationType_Code	14617524	CDS	v8.0.0	CDE
NonDICOMCTimages	CTImageReconstructionProtocolElement_convolutionKernel	2656119	CDS	v7.0.0	NonDICOMCTimages	CTImageReconstructionProtocolElement_convolutionKernel	2656119	CDS	v8.0.0	CDE
NonDICOMCTimages	CTImageReconstructionProtocolElement_convolutionKernelGroupCode	14617525	CDS	v7.0.0	NonDICOMCTimages	CTImageReconstructionProtocolElement_convolutionKernelGroupCode	14617525	CDS	v8.0.0	CDE
NonDICOMMRimages	MRImageAcquisitionProtocolElement_echoPulseSequenceCategoryCode	14645641	CDS	v7.0.0	NonDICOMMRimages	MRImageAcquisitionProtocolElement_echoPulseSequenceCategoryCode	14645641	CDS	v8.0.0	CDE
NonDICOMMRimages	MRImageAcquisitionProtocolElement_diffusionBValue	14607706	CDS	v7.0.0	NonDICOMMRimages	MRImageAcquisitionProtocolElement_diffusionBValue	14607706	CDS	v8.0.0	CDE
NonDICOMMRimages	MRImageAcquisitionProtocolElement_diffusionDirectionalityCode	14616426	CDS	v7.0.0	NonDICOMMRimages	MRImageAcquisitionProtocolElement_diffusionDirectionalityCode	14616426	CDS	v8.0.0	CDE
NonDICOMMRimages	MRImageAcquisitionProtocolElement_magneticFieldStrength	14607707	CDS	v7.0.0	NonDICOMMRimages	MRImageAcquisitionProtocolElement_magneticFieldStrength	14607707	CDS	v8.0.0	CDE
NonDICOMMRimages	MRImageAcquisitionProtocolElement_resonantNucleusCode	14616427	CDS	v7.0.0	NonDICOMMRimages	MRImageAcquisitionProtocolElement_resonantNucleusCode	14616427	CDS	v8.0.0	CDE
NonDICOMMRimages	MRImageAcquisitionProtocolElement_acquisitionContrastCode	14616428	CDS	v7.0.0	NonDICOMMRimages	MRImageAcquisitionProtocolElement_acquisitionContrastCode	14616428	CDS	v8.0.0	CDE
NonDICOMMRimages	MRImageAcquisitionProtocolElement_inversionRecoveryIndicator	14607722	CDS	v7.0.0	NonDICOMMRimages	MRImageAcquisitionProtocolElement_inversionRecoveryIndicator	14607722	CDS	v8.0.0	CDE
NonDICOMMRimages	MRImageAcquisitionProtocolElement_pulseSequenceName	14608594	CDS	v7.0.0	NonDICOMMRimages	MRImageAcquisitionProtocolElement_pulseSequenceName	14608594	CDS	v8.0.0	CDE
NonDICOMMRimages	MRImageAcquisitionProtocolElement_multipleSpinEchoIndicator	14608595	CDS	v7.0.0	NonDICOMMRimages	MRImageAcquisitionProtocolElement_multipleSpinEchoIndicator	14608595	CDS	v8.0.0	CDE
NonDICOMMRimages	MRImageAcquisitionProtocolElement_phaseContrastIndicator	14608601	CDS	v7.0.0	NonDICOMMRimages	MRImageAcquisitionProtocolElement_phaseContrastIndicator	14608601	CDS	v8.0.0	CDE
NonDICOMMRimages	MRImageAcquisitionProtocolElement_timeOfFlightContrastIndicator	14608649	CDS	v7.0.0	NonDICOMMRimages	MRImageAcquisitionProtocolElement_timeOfFlightContrastIndicator	14608649	CDS	v8.0.0	CDE
NonDICOMMRimages	MRImageAcquisitionProtocolElement_arterialSpinLabelingContrastCode	14616429	CDS	v7.0.0	NonDICOMMRimages	MRImageAcquisitionProtocolElement_arterialSpinLabelingContrastCode	14616429	CDS	v8.0.0	CDE
NonDICOMMRimages	MRImageAcquisitionProtocolElement_steadyStatePulseSequenceCode	14616430	CDS	v7.0.0	NonDICOMMRimages	MRImageAcquisitionProtocolElement_steadyStatePulseSequenceCode	14616430	CDS	v8.0.0	CDE
NonDICOMMRimages	MRImageAcquisitionProtocolElement_echoPlanarPulseSequenceIndicator	14612651	CDS	v7.0.0	NonDICOMMRimages	MRImageAcquisitionProtocolElement_echoPlanarPulseSequenceIndicator	14612651	CDS	v8.0.0	CDE
NonDICOMMRimages	MRImageAcquisitionProtocolElement_saturationRecoveryIndicator	14612652	CDS	v7.0.0	NonDICOMMRimages	MRImageAcquisitionProtocolElement_saturationRecoveryIndicator	14612652	CDS	v8.0.0	CDE
NonDICOMMRimages	MRImageAcquisitionProtocolElement_spectrallySelectedSuppressionCode	14616431	CDS	v7.0.0	NonDICOMMRimages	MRImageAcquisitionProtocolElement_spectrallySelectedSuppressionCode	14616431	CDS	v8.0.0	CDE
NonDICOMMRimages	MRImageReconstructionProtocolElement_complexImageComponentCode	14616432	CDS	v7.0.0	NonDICOMMRimages	MRImageReconstructionProtocolElement_complexImageComponentCode	14616432	CDS	v8.0.0	CDE
NonDICOMPETimages	Radiopharmaceutical_radionuclideCode	14612653	CDS	v7.0.0	NonDICOMPETimages	Radiopharmaceutical_radionuclideCode	14612653	CDS	v8.0.0	CDE
NonDICOMradiologyAllModalities	performed_imaging_study_description	2182389	CDS	v7.0.0	NonDICOMradiologyAllModalities	performed_imaging_study_description	2182389	CDS	v8.0.0	CDE
NonDICOMradiologyAllModalities	performed_imaging_study_admittingDiagnosisCode	2902328	CDS	v7.0.0	NonDICOMradiologyAllModalities	performed_imaging_study_admittingDiagnosisCode	2902328	CDS	v8.0.0	CDE
NonDICOMradiologyAllModalities	performed_imaging_study_lossyImageCompressionIndicator	2659474	CDS	v7.0.0	NonDICOMradiologyAllModalities	performed_imaging_study_lossyImageCompressionIndicator	2659474	CDS	v8.0.0	CDE
NonDICOMradiologyAllModalities	performed_imaging_study_summary	14670299	CDS	v7.0.0	NonDICOMradiologyAllModalities	performed_imaging_study_summary	14670299	CDS	v8.0.0	CDE
NonDICOMradiologyAllModalities	performed_imaging_study_primaryAnatomicSiteCode	14612662	CDS	v7.0.0	NonDICOMradiologyAllModalities	performed_imaging_study_primaryAnatomicSiteCode	14612662	CDS	v8.0.0	CDE
NonDICOMradiologyAllModalities	performed_imaging_study_acquisitionTypeCode	14670301	CDS	v7.0.0	NonDICOMradiologyAllModalities	performed_imaging_study_acquisitionTypeCode	14670301	CDS	v8.0.0	CDE
NonDICOMradiologyAllModalities	performed_imaging_study_cardiacSynchronizationTechniqueCode	14617521	CDS	v7.0.0	NonDICOMradiologyAllModalities	performed_imaging_study_cardiacSynchronizationTechniqueCode	14617521	CDS	v8.0.0	CDE
NonDICOMradiologyAllModalities	performed_imaging_study_dataCollectionDiameter	14612665	CDS	v7.0.0	NonDICOMradiologyAllModalities	performed_imaging_study_dataCollectionDiameter	14612665	CDS	v8.0.0	CDE
NonDICOMradiologyAllModalities	performed_imaging_study_respiratoryMotionTechniqueCode	14617522	CDS	v7.0.0	NonDICOMradiologyAllModalities	performed_imaging_study_respiratoryMotionTechniqueCode	14617522	CDS	v8.0.0	CDE
NonDICOMradiologyAllModalities	performed_imaging_study_bodyPositionCode	14617523	CDS	v7.0.0	NonDICOMradiologyAllModalities	performed_imaging_study_bodyPositionCode	14617523	CDS	v8.0.0	CDE
NonDICOMradiologyAllModalities	performed_imaging_study_algorithmCode	14617557	CDS	v7.0.0	NonDICOMradiologyAllModalities	performed_imaging_study_algorithmCode	14617557	CDS	v8.0.0	CDE
NonDICOMradiologyAllModalities	performed_imaging_study_reconstructionFieldOfViewHeight	14612672	CDS	v7.0.0	NonDICOMradiologyAllModalities	performed_imaging_study_reconstructionFieldOfViewHeight	14612672	CDS	v8.0.0	CDE
NonDICOMradiologyAllModalities	performed_imaging_study_reconstructionFieldOfViewWidth	14612674	CDS	v7.0.0	NonDICOMradiologyAllModalities	performed_imaging_study_reconstructionFieldOfViewWidth	14612674	CDS	v8.0.0	CDE
NonDICOMradiologyAllModalities	performed_imaging_study_reconstructionDiameter	2182085	CDS	v7.0.0	NonDICOMradiologyAllModalities	performed_imaging_study_reconstructionDiameter	2182085	CDS	v8.0.0	CDE
NonDICOMradiologyAllModalities	performed_imaging_study_sliceThickness	3113185	CDS	v7.0.0	NonDICOMradiologyAllModalities	performed_imaging_study_sliceThickness	3113185	CDS	v8.0.0	CDE
NonDICOMradiologyAllModalities	performed_imaging_study_reconstructionInterval	14612682	CDS	v7.0.0	NonDICOMradiologyAllModalities	performed_imaging_study_reconstructionInterval	14612682	CDS	v8.0.0	CDE
proteomic	aliquot_id	15105438	CDS	v7.0.0	proteomic	aliquot_id	15105438	CDS	v8.0.0	CDE
proteomic	analytical_fractions	15112968	CDS	v7.0.0	proteomic	analytical_fractions	15112968	CDS	v8.0.0	CDE
proteomic	proteomic_design_description	15089939	CDS	v7.0.0	proteomic	proteomic_design_description	15089939	CDS	v8.0.0	CDE
program	program_acronym	None	CDS	v7.0.0	program	program_acronym	None	CDS	v8.0.0	String
program	program_short_description	None	CDS	v7.0.0	program	program_short_description	None	CDS	v8.0.0	String
program	program_full_description	None	CDS	v7.0.0	program	program_full_description	None	CDS	v8.0.0	String
program	program_external_url	None	CDS	v7.0.0	program	program_external_url	None	CDS	v8.0.0	String
program	institution	None	CDS	v7.0.0	program	institution	None	CDS	v8.0.0	String
version	crdc_id	None	CDS	v7.0.0	version	crdc_id	None	CDS	v8.0.0	String
study	study_description	None	CDS	v7.0.0	study	study_description	None	CDS	v8.0.0	String
study	short_description	None	CDS	v7.0.0	study	short_description	None	CDS	v8.0.0	String
study	study_external_url	None	CDS	v7.0.0	study	study_external_url	None	CDS	v8.0.0	String
study	primary_investigator_name	None	CDS	v7.0.0	study	primary_investigator_name	None	CDS	v8.0.0	String
study	primary_investigator_email	None	CDS	v7.0.0	study	primary_investigator_email	None	CDS	v8.0.0	String
study	co_investigator_name	None	CDS	v7.0.0	study	co_investigator_name	None	CDS	v8.0.0	String
study	co_investigator_email	None	CDS	v7.0.0	study	co_investigator_email	None	CDS	v8.0.0	String
study	bioproject_accession	None	CDS	v7.0.0	study	bioproject_accession	None	CDS	v8.0.0	String
study	data_access_level	None	CDS	v7.0.0	study	data_access_level	None	CDS	v8.0.0	String
study	file_types_and_format	None	CDS	v7.0.0	study	file_types_and_format	None	CDS	v8.0.0	String
study	size_of_data_being_uploaded	None	CDS	v7.0.0	study	size_of_data_being_uploaded	None	CDS	v8.0.0	String
study	study_access	None	CDS	v7.0.0	study	study_access	None	CDS	v8.0.0	String
study	authz	None	CDS	v7.0.0	study	authz	None	CDS	v8.0.0	String
study	study_version	None	CDS	v7.0.0	study	study_version	None	CDS	v8.0.0	String
participant	study_participant_id	None	CDS	v7.0.0	participant	study_participant_id	None	CDS	v8.0.0	String
diagnosis	study_diagnosis_id	None	CDS	v7.0.0	diagnosis	study_diagnosis_id	None	CDS	v8.0.0	String
diagnosis	diagnosis_id	None	CDS	v7.0.0	diagnosis	diagnosis_id	None	CDS	v8.0.0	String
diagnosis	incidence_type	None	CDS	v7.0.0	diagnosis	incidence_type	None	CDS	v8.0.0	String
diagnosis	days_to_last_known_status	None	CDS	v7.0.0	diagnosis	days_to_last_known_status	None	CDS	v8.0.0	String
treatment	treatment_id	None	CDS	v7.0.0	treatment	treatment_id	None	CDS	v8.0.0	String
file	file_id	None	CDS	v7.0.0	file	file_id	None	CDS	v8.0.0	String
file	submission_version	None	CDS	v7.0.0	file	submission_version	None	CDS	v8.0.0	String
file	checksum_value	None	CDS	v7.0.0	file	checksum_value	None	CDS	v8.0.0	String
file	checksum_algorithm	None	CDS	v7.0.0	file	checksum_algorithm	None	CDS	v8.0.0	String
file	release_datetime	None	CDS	v7.0.0	file	release_datetime	None	CDS	v8.0.0	String
file	is_supplementary_file	None	CDS	v7.0.0	file	is_supplementary_file	None	CDS	v8.0.0	String
genomic_info	genomic_info_id	None	CDS	v7.0.0	genomic_info	genomic_info_id	None	CDS	v8.0.0	String
genomic_info	reporter_label	None	CDS	v7.0.0	genomic_info	reporter_label	None	CDS	v8.0.0	String
genomic_info	methylation_platform	None	CDS	v7.0.0	genomic_info	methylation_platform	None	CDS	v8.0.0	String
image	study_link_id	None	CDS	v7.0.0	image	study_link_id	None	CDS	v8.0.0	String
MultiplexMicroscopy	MultiplexMicroscopy_id	None	CDS	v7.0.0	MultiplexMicroscopy	MultiplexMicroscopy_id	None	CDS	v8.0.0	String
NonDICOMCTimages	NonDICOMCTimages_id	None	CDS	v7.0.0	NonDICOMCTimages	NonDICOMCTimages_id	None	CDS	v8.0.0	String
NonDICOMMRimages	NonDICOMMRimages_id	None	CDS	v7.0.0	NonDICOMMRimages	NonDICOMMRimages_id	None	CDS	v8.0.0	String
NonDICOMpathologyImages	NonDICOMpathologyImages_id	None	CDS	v7.0.0	NonDICOMpathologyImages	NonDICOMpathologyImages_id	None	CDS	v8.0.0	String
NonDICOMPETimages	NonDICOMPETimages_id	None	CDS	v7.0.0	NonDICOMPETimages	NonDICOMPETimages_id	None	CDS	v8.0.0	String
NonDICOMradiologyAllModalities	NonDICOMradiologyAllModalities_id	None	CDS	v7.0.0	NonDICOMradiologyAllModalities	NonDICOMradiologyAllModalities_id	None	CDS	v8.0.0	String
proteomic	proteomic_info_id	None	CDS	v7.0.0	proteomic	proteomic_info_id	None	CDS	v8.0.0	String
version	data_version_id	None	CDS	v7.0.0	version	data_version_id	None	CDS	v8.0.0	String
version	data_version	None	CDS	v7.0.0	version	data_version	None	CDS	v8.0.0	String
version	datetime	None	CDS	v7.0.0	version	datetime	None	CDS	v8.0.0	String
version	model_version	None	CDS	v7.0.0	version	model_version	None	CDS	v8.0.0	String
version	description	None	CDS	v7.0.0	version	description	None	CDS	v8.0.0	String
